0,0,-1.5707963267949,0,-1.5707963267949,0,0,6.66133814775094e-15,0,2.22044604925031e-14,-2.66453525910038e-15,-1.55431223447522e-14,6.21724893790088e-15,-1.33226762955019e-15,4.44089209850063e-16,4.44089209850063e-16,-4.44089209850063e-16,0,-8.88178419700125e-16
0.2,-0.00336805221784209,-1.57693394733407,-0.00564123062554334,-1.57738695429808,-0.00714773924889256,-0.00774586265727528,-0.0515313154793944,-0.0924726416135173,-0.0866954582176502,-0.0995303219109021,-0.10892168344055,-0.118103693288418,-0.534477050634201,-0.931195211419741,-0.906812028578859,-1.00692960249365,-1.12124150137069,-1.21703760854536
0.4,-0.028390877175938,-1.62027943404318,-0.0481753582916378,-1.62430820845694,-0.0595707390882421,-0.0646553692361325,-0.219299438159562,-0.371683778638933,-0.375115414569617,-0.403844405368773,-0.456997508554933,-0.496446549874358,-1.15142762220109,-1.85061181800178,-1.99895232303192,-2.03005883748125,-2.36966392291533,-2.57820962355425
0.6,-0.0995228646263813,-1.73728538294572,-0.170900736800841,-1.75213997951548,-0.206757890110318,-0.224681688420704,-0.513145740360379,-0.825452908598395,-0.890934961862033,-0.905732389889979,-1.05634355440678,-1.1491619471714,-1.78409541200376,-2.66153337817534,-3.16083385955876,-2.96632333827809,-3.61156313055427,-3.93617292632173
0.8,-0.241853670566156,-1.96011139715612,-0.419891716347139,-1.99803290398284,-0.497950244561859,-0.541666980837884,-0.929646901906168,-1.42349688501052,-1.63610284252689,-1.57856307518069,-1.8924956093133,-2.06117895960055,-2.36768004421056,-3.28120478945721,-4.27279180166156,-3.72617491996948,-4.71713277690962,-5.14874733187385
1,-0.478537126970913,-2.31334183754199,-0.839252293985167,-2.39215520476731,-0.976992969447294,-1.06370355253618,-1.45314190401015,-2.12109124127986,-2.58923161469415,-2.37988166043505,-2.9265297291743,-3.19072433807116,-2.84558140393561,-3.64917293232936,-5.22309020015579,-4.24216611558257,-5.57365337942953,-6.09334427126839
1.2,-0.828544829092439,-2.81158724862844,-1.46668372677716,-2.95501495217712,-1.67786401380803,-1.82827082327333,-2.05791861265152,-2.86416190189208,-3.70831530938315,-3.25648047215927,-4.09964148657417,-4.47450049186372,-3.17464997008581,-3.73312063188286,-5.91897645209538,-4.47496750616204,-6.09666540458092,-6.67905453293753
1.4,-1.30495261242372,-3.45820075227568,-2.32980426166359,-3.69589641682668,-2.62132238780688,-2.85862728372875,-2.7113049470558,-3.59523884941553,-4.93546104849986,-4.15036326528604,-5.33965540061241,-5.83493601710774,-3.3289057358865,-3.53157762523709,-6.29558317465632,-4.41621448065083,-6.23792549698866,-6.85510173952208
1.6,-1.91390745751639,-4.24521697226252,-3.44357386238323,-4.61252358112229,-3.81299153215002,-4.16179265603676,-3.37731870172297,-4.25961474205487,-6.20310368103127,-5.0049386058596,-6.5687313676452,-7.18868668348528,-3.30136206691934,-3.07324724458853,-6.32172459185063,-4.08794344830262,-5.98931927853283,-6.61478899623026
1.8,-2.65434726924078,-5.15448696310497,-4.80905378659678,-5.69192874792039,-5.24303307936845,-5.72827692969003,-4.0204781194065,-4.81103735486314,-7.44101598464881,-5.77076843407596,-7.71141504290647,-8.45544078422147,-3.10380289267939,-2.41306975704882,-6.0019901209193,-3.53876341014584,-5.38236942775631,-5.99458233770942
2,-3.51846486866552,-6.15985330743163,-6.41358417014994,-6.91237481903632,-6.8873918017816,-7.53352026616353,-4.60936758711149,-5.21632608131046,-8.58334902566739,-6.41026420000235,-8.70215691089216,-9.56606657892105,-2.76458780405347,-1.62550859085955,-5.37496008393348,-2.83727260118218,-4.48347940757226,-5.06852617205779
2.2,-4.49282937179472,-7.23009948892547,-8.23230913450207,-8.24607062516406,-8.71042357468401,-9.54082279952259,-5.11958961475942,-5.4584319184217,-9.57494635836197,-6.90085629084284,-9.49150165907445,-10.4692319113512,-2.32477435634336,-0.795852080685716,-4.50780809720585,-2.06353001521357,-3.38553273119105,-3.93870908282319
2.4,-5.56001141837388,-8.33232898157166,-10.2308357611639,-9.66234156304779,-10.6685737523408,-11.7053868319588,-5.53581081180488,-5.53764195253564,-10.3762702147375,-7.23634653849858,-10.0503153542269,-11.1358151548585,-1.83302609989905,-0.0105360542333928,-3.48796051449425,-1.29959419528196,-2.19686958369064,-2.72293305765856
2.6,-6.70051055845552,-9.43539064894441,-12.3686966486509,-11.1308807641185,-12.7146693820194,-13.9789830556892,-5.85271673013255,-5.47084204092066,-10.9664461032434,-7.4263664709568,-10.3716524977503,-11.5606895748721,-1.33989880112115,0.652412112361125,-2.41280825762126,-0.62022459614636,-1.0289410721403,-1.54103617501131
2.8,-7.89475841759117,-10.5129717988618,-14.6032085559699,-12.6247123716854,-14.8023362020051,-16.3146989943975,-6.07481568632841,-5.28897044420485,-11.3441541869066,-7.49408068070953,-10.4701402325278,-11.7617688564644,-0.892152717891054,1.13173922945037,-1.37867309130988,-0.0847961841662828,0.0159345810903118,-0.501445166685383
3,-9.12497224178004,-11.5460273306271,-16.8932900328952,-14.1225464792939,-16.8900553032464,-18.6712368614933,-6.21516063741422,-5.03299543037921,-11.5263452102324,-7.47247017632556,-10.3790403338298,-11.7765141906227,-0.527720384697568,1.38922704726921,-0.470295612605468,0.268687180388951,0.85533242183314,0.310522555942121
3.2,-10.3766593451991,-12.5242967502618,-19.2028215281198,-15.6102883470192,-18.944432992204,-21.0162972355045,-6.2931762827149,-4.74890863590319,-11.5450063487346,-7.39968265791297,-10.1454081704169,-11.6563868338357,-0.271870387991088,1.41318999827066,0.24797054060422,0.426859525977041,1.43481862096583,0.841318995542958
3.4,-11.6396203261508,-13.4467702483001,-21.5031989781754,-17.0815721945531,-20.9423627670436,-23.3287052058756,-6.33187269158778,-4.48232562139037,-11.4424193863881,-7.31402852858196,-9.82397197737702,-11.4599521852683,-0.134959363661822,1.21888029592602,0.738293466249838,0.401250032007383,1.73254254042249,1.07387571312114
3.6,-12.9083618098165,-14.3210875302771,-23.7748376155142,-18.5373090491797,-22.8718971163046,-25.5990920451723,-6.35478675677906,-4.27331508630154,-11.2655151649454,-7.24922365439542,-9.47048278113209,-11.2454774763338,-0.111974866604547,0.845831653056651,0.992191463090535,0.225599399891491,1.75990750406572,1.02792763749513
3.8,-14.1819004122303,-15.1619743687215,-26.0075136474062,-19.9843546132331,-24.7318021322469,-27.8291191798392,-6.38301256873752,-4.15203634553991,-11.0600161557874,-7.23043127909382,-9.13532184286037,-11.0639008359964,-0.183863276322377,0.352523776546925,1.02981921671654,-0.0493533283797433,1.55837254705096,0.756032220498217
4,-15.463010340294,-15.9889280082794,-28.1995717359079,-21.4335033354991,-26.5299211768238,-30.0294017439456,-6.43266003543176,-4.13565707067039,-10.8650640207387,-7.27154330083576,-8.85809612042685,-10.9529824182372,-0.320433770062579,-0.190950106133683,0.895896960596937,-0.36291516656802,1.19288924904891,0.335864828419602
4.2,-16.7570295002605,-16.8234417135708,-30.3561591724551,-22.8970874547123,-28.2806071520865,-32.2164365356855,-6.51302117037811,-4.22686369207217,-10.7089518037059,-7.37397991625728,-8.66381160948605,-10.9332881610253,-0.484454858820711,-0.711315413376677,0.652860823584293,-0.652418097328354,0.742860345040564,-0.14020662964766
4.4,-18.0703862659946,-17.6861023814711,-32.4867577258346,-24.3864968698823,-30.0015811537708,-34.4089470326373,-6.62563319386074,-4.41408484229678,-10.6064313317172,-7.52709656098871,-8.56100798690312,-11.0064240640521,-0.636433579401516,-1.140644642291,0.372130896672998,-0.861148004685961,0.291775868649867,-0.576968218801085
4.6,-19.4090361479851,-18.5938990351851,-34.6023587408402,-25.9099337979745,-31.7106277651978,-36.6241145046092,-6.76431804037461,-4.67334686308727,-10.5578643319237,-7.71009131892361,-8.54199172797737,-11.1556623117844,-0.739502778212971,-1.42399195848217,0.12460016860273,-0.945270334604006,-0.0831919505540637,-0.888189821302923
4.8,-20.7770019389864,-19.558044697027,-36.7126579905752,-27.4706765330022,-33.4225390013689,-38.8741637102443,-6.91616213836937,-4.97149346216926,-10.5502556265521,-7.89512798554241,-8.58504907512898,-11.3488135240134,-0.763845195871435,-1.525272932752,-0.0284809977166667,-0.878943534523796,-0.32038435376038,-1.00703442808588
5,-22.175192617011,-20.582544706003,-38.8236312006889,-29.0660549308028,-35.1466711399064,-41.1637155100363,-7.06329196216621,-5.27035072606898,-10.5599765551947,-8.05125065854688,-8.65828576262166,-11.5429359720432,-0.69015242362568,-1.4307559451665,-0.0431207490312191,-0.657049504170794,-0.380571623674782,-0.893842221730571
5.2,-23.6006381037364,-21.6636500098184,-40.9357918578098,-30.6872459365004,-36.8853884951839,-43.488214854306,-7.1852122361264,-5.53132084496087,-10.5567841812466,-8.14858099038212,-8.72455498065853,-11.6902634757377,-0.511742731168869,-1.1498289684616,0.102199557719756,-0.29527207449645,-0.250822968037202,-0.54042290693514
5.4,-25.0462238898346,-22.7902260837066,-43.0433379024416,-32.3198924928276,-38.6335476759317,-45.8336043919213,-7.26141460840283,-5.71985345219564,-10.5085909156149,-8.16226813515286,-8.74681999399368,-11.7446026516311,-0.235128308422642,-0.713035695512767,0.404304733210653,0.172417483101797,0.0550439319079928,0.0295757641429144
5.6,-26.500948141624,-23.9449599866448,-45.134275405634,-33.9454465024381,-40.3790404882593,-48.1772585947986,-7.27394124388654,-5.80927505816808,-10.3863574846607,-8.07570520182052,-8.69326550746083,-11.6674112838845,0.12099077162918,-0.167698345472584,0.836315800272054,0.6984947059036,0.499380515713994,0.764177814660087
5.8,-27.950661591393,-25.1062324649171,-47.1914802359659,-35.5430486080013,-42.1042803421805,-50.49003971142,-7.20960193296736,-5.78354937880364,-10.168478671841,-7.88262808355911,-8.54152440960941,-11.4328256873996,0.528143926158575,0.428277484067444,1.35166958505831,1.22820000442468,1.02652686912542,1.58995891322068
6,-29.3791945996642,-26.2504099663853,-49.1945387846564,-37.0916948058706,-43.7884021034602,-52.7392033789065,-7.06159235148665,-5.63868198261392,-9.84410539734784,-7.58785933638994,-8.28151566378838,-11.0310474870486,0.951595953368924,1.01362022376578,1.89061606191096,1.70662425367664,1.57072176827621,2.42139485717198
6.2,-30.7697326349793,-27.3542708739919,-51.1221107088013,-38.5724094676465,-45.4098625137083,-54.8917839092183,-6.83033837524941,-5.38265362790167,-9.41498847628568,-7.20663260665171,-7.91657737596751,-10.469710519728,1.35449987419669,1.53103615490093,2.38834277048045,2.08566813148897,2.06505266825638,3.17149965217892
6.4,-32.106275751913,-28.3972751763079,-52.9544922117333,-39.9701492828978,-46.9490870543573,-56.9180381193285,-6.52348702159613,-5.03394667451151,-8.89562069849582,-6.7626103920043,-7.46280202998932,-9.77310006176445,1.70219152305263,1.93379385238615,2.78368419048979,2.33001447944462,2.45029045382536,3.76244339768069
6.6,-33.3750119856896,-29.3634167760898,-54.6760351877438,-41.2752016530934,-48.39081360322,-58.7945272847169,-6.15506689995645,-4.61889611551916,-8.31167072769225,-6.28486791704843,-6.94671027405893,-8.97935829869101,1.96611833237909,2.19078022946697,3.02731231756801,2.42139071306079,2.68249432879014,4.13486934368713
6.8,-34.5654490203449,-30.2424580785968,-56.2770980601885,-42.4839087134807,-49.7258318282199,-60.5064682153394,-5.74393774778243,-4.16823117038881,-7.69691784979816,-5.80423932830412,-6.40160687538375,-8.13605021308476,2.1269524345316,2.289466336484,3.08837921725595,2.36062225235594,2.73845055582379,4.25481222708706
7,-35.6711807477762,-31.0304292036446,-57.7552653902975,-43.5986355748508,-50.951902929635,-62.049079356729,-5.31172842663365,-3.71325948291688,-7.08908432675079,-5.34949475594424,-5.86312214424235,-7.29465434174163,2.17654754755364,2.23649160937794,2.95878281004738,2.16725934377488,2.61830059762805,4.11743156280863
7.2,-36.6902110916482,-31.7293684222569,-59.1156673953469,-44.6269974234012,-52.0737555336555,-63.4277738773346,-4.88051667056811,-3.28217444028726,-6.52509916099974,-4.9438300192806,-5.36453516870877,-6.50466115830922,2.11854577922422,2.055874911025,2.65452806089256,1.87686316027434,2.34508157959984,3.74717403216756
7.4,-37.6248109182116,-32.3463743692927,-60.370345478376,-45.5804527795424,-53.1021757185541,-64.657193065745,-4.47052624666167,-2.89693486456924,-6.03639694862254,-4.6021042026235,-4.93249107378607,-5.80799527590233,1.96760600806187,1.78515223263715,2.21401955101628,1.53632515481467,1.96129805465486,3.19441844357946
7.6,-38.4809384427252,-32.8921226859928,-61.5367313360392,-46.472448089782,-54.0523266450326,-65.7592126356526,-4.09810625347176,-2.57108057410568,-5.64485003708363,-4.32916067409635,-4.58366246986184,-5.23442384609513,1.74738958975825,1.46998872845196,1.6935031212982,1.197831171897,1.52301898111359,2.52908101059746
7.8,-39.2673027675979,-33.3790601881212,-62.6354200652077,-47.3163525039917,-54.9415312234327,-66.7601749232627,-3.77421532906698,-2.30871890802806,-5.35985252936302,-4.11942746227876,-4.32277427592007,-4.79848068956118,1.48758216167103,1.1579872171373,1.16022702499023,0.912240340815204,1.09230101751282,1.83201668258197
8,-39.9941883913307,-33.8195215253057,-63.6875079669978,-48.1234448942576,-55.7868175210562,-67.6876872836191,-3.50356650864483,-2.10476311514271,-5.17693099602925,-3.95783107322729,-4.14222869707683,-4.4982415115112,1.22033566125749,0.892496287220963,0.684173772547717,0.722709915055603,0.728941046723086,1.18530166195221
8.2,-40.6721815311791,-34.2240133827989,-64.7118223331768,-48.901205476105,-56.6025532012803,-68.567371368216,-3.28450516012765,-1.94634325493354,-5.07806705958998,-3.82189412809929,-4.02335704617577,-4.31605485400267,0.976570682861295,0.707200436207129,0.329388605345407,0.65935482992023,0.482633167181206,0.662594666527882
8.4,-41.3109446848688,-34.5998803915448,-65.7223864741236,-49.6521234714933,-57.3984793252116,-69.4199449368163,-3.1096033513921,-1.81516405103639,-5.03370482872775,-3.68474187962224,-3.9391142767654,-4.2210950339478,0.782580584363032,0.622156706186584,0.14597845612772,0.73559149099668,0.386540554533448,0.320738753120029
8.6,-41.9181739614947,-34.9505097196494,-66.726436710373,-50.3731656138554,-58.1783978975641,-70.2589688273811,-2.96687008240208,-1.69046997005121,-5.00620764414555,-3.51863342742572,-3.85784729844406,-4.17338643479474,0.657326718677676,0.641743489391146,0.163771113971368,0.946597692863652,0.453100162077064,0.193588721284884
8.8,-42.4988463939716,-35.2751556816949,-67.7232423301504,-51.0559665493866,-58.9396792132442,-71.0895036698672,-2.84140802878671,-1.55220935078517,-4.95434933472602,-3.29857330484004,-3.74763259202129,-4.12877920983827,0.610716666543719,0.7547337928003,0.388419046988832,1.27005254093946,0.672583657714341,0.288755539623706
9,-43.054825560674,-35.5693816476875,-68.7038827376634,-51.687711943424,-59.6736460148789,-71.9078054972438,-2.71730163717384,-1.38397440997748,-4.83829705350261,-3.00555481838483,-3.58060912488724,-4.04425444667683,0.64302760645799,0.93642991099156,0.800431625344232,1.66903562235201,1.01457935956629,0.587587088250181
9.2,-43.5848485253356,-35.8260349572506,-69.6520200848737,-52.2525996222696,-60.3667758958975,-72.702061307896,-2.57950339478255,-1.17533330116466,-4.62448129340559,-2.62903785176126,-3.33673739919066,-3.88291322932801,0.745491811834503,1.15253407672717,1.35726053627816,2.09669888741548,1.43218306347605,1.04830102603132
9.4,-44.0848710963101,-36.0366018320834,-70.5455848030545,-52.7336938909906,-61.0025561931573,-73.4540408382618,-2.41549612261591,-0.923258159101524,-4.28976117969969,-2.16836368111939,-3.00649349507971,-3.61806005172462,0.901919015574901,1.36421305787663,1.99819012107986,2.50211043670564,1.86833836332217,1.61180108366254
9.6,-44.5487073403236,-36.1927420053203,-71.3591803990712,-53.1149417503914,-61.5637405522758,-74.1414345352875,-2.21654685401255,-0.632477268863951,-3.82437783676862,-1.63294465222179,-2.5921477885667,-3.23591807085536,1.09110850162642,1.53367050072011,2.65144281899149,2.83653255454064,2.26349314191232,2.20938968995741
9.8,-44.9688679884597,-36.2877826592449,-72.0669261774712,-53.3831025120673,-62.0347042596296,-74.7405725828009,-1.97842666881587,-0.314723768765119,-3.23333496068542,-1.0412200770916,-2.10746332542783,-2.73669450710788,1.28971677177685,1.62948631154849,3.24264142126344,3.05935286950164,2.56357266829293,2.77137573405448
10,-45.3374842909506,-36.3179604438628,-72.6454028236909,-53.5293560035888,-62.4035828980654,-75.2291843158616,-1.70154271516045,0.0130010783577336,-2.5360356527628,-0.418522115137688,-1.57585476906666,-2.1339255286112,1.47520428421742,1.63102326845127,3.7036068331331,3.142941650897,2.72723175481397,3.23549106130636
10.2,-45.6472006931941,-36.2832372234327,-73.0763524912442,-53.5503970280992,-62.6639074035341,-75.5888648333459,-1.3905041350552,0.330903676413324,-1.76421480871675,0.20587220559302,-1.02724904570786,-1.45224431045936,1.62849103092024,1.53133102663104,3.98043188259632,3.07585197982726,2.73144302923618,3.55408117652492
10.4,-45.8919311749775,-36.1875746260645,-73.3488136895071,-53.4488893086671,-62.8155144346651,-75.8069640467832,-1.053213113444,0.619271771441501,-0.95841127566738,0.802130480512544,-0.494057736781044,-0.723906844237086,1.73600337810348,1.33817921356457,4.03986243459491,2.86399381835875,2.57469315690385,3.69921554622344
10.6,-46.0673981388135,-36.038626480133,-73.4604382791522,-53.2332323288778,-62.8646056178908,-75.8776956696197,-0.699627229068483,0.861355344879583,-0.16339872512138,1.34327506142714,-0.00678740469467745,0.0154458725291256,1.79088561597704,1.07309802270393,3.8732249533533,2.52967022070776,2.2773662820432,3.66514595446719
10.8,-46.1714057532423,-35.8468870489058,-73.4178350210952,-52.9166790981385,-62.8229405310458,-75.8023685587128,-0.340373229228068,1.04586580090496,0.576882309195324,1.80819746830181,0.410137388428189,0.731230471572468,1.79326637246739,0.768564746179838,3.49743876237951,2.10863142422434,1.87925490548202,3.46789014240533
11,-46.2038370370661,-35.6244063318267,-73.2358995515354,-52.5159213358821,-62.7062619541694,-75.5887565693127,0.014598327124525,1.16875682070806,1.22429121502858,2.18391694146511,0.741788785226715,1.39400231351608,1.74959680332045,0.463714756674873,2.95300466268096,1.64554674846881,1.43450706556305,3.14208733270997
11.2,-46.1664006959902,-35.3832420868521,-72.9362103791831,-52.0493212172659,-62.5321533582714,-75.2497310590231,0.357143764375831,1.23404598517422,1.75076785687113,2.46682315505162,0.984934235565526,1.98267312490009,1.67119772307324,0.199145060590793,2.2992259654089,1.18848483224663,1.00464832104954,2.73561516597991
11.4,-46.0621850354457,-35.1338541387123,-72.5446800941092,-51.5350081079213,-62.3176047758658,-74.8013688025385,0.681706280724944,1.25356281023565,2.14142707496354,2.66277402133737,1.14871940481251,2.48648997070055,1.57225124060636,0.0114938196683267,1.60724898785967,0.783106516548609,0.650565894122815,2.30273103255867
11.6,-45.8950982774254,-34.883655409901,-72.0887373353457,-50.9890701304394,-62.0766042526214,-74.2608065318878,0.985663385268663,1.24564972142969,2.39611198183572,2.78606429337153,1.25372898560795,2.9055719248299,1.46753680822613,-0.0714941097965538,0.95176762969257,0.467298299479423,0.424478864904705,1.89667114005371
11.8,-45.6692847564694,-34.6359148883335,-71.5943679869599,-50.4240530120354,-61.8180726145284,-73.6441348495642,1.26922291683194,1.23297950109141,2.52923709853474,2.85742090556578,1.32952669253419,3.24999432407326,1.37023433876857,-0.0347704816704764,0.402390000936718,0.266905894094802,0.362925120226585,1.56268782183858
12,-45.3886038573509,-34.389162995135,-71.0833574854666,-49.847935164267,-61.5444190306589,-72.9646070016193,1.53491193813401,1.23976824374719,2.56795720168938,2.90129906542029,1.41097156253048,3.53760064351926,1.29009619435649,0.1218415793844,0.0156963675290442,0.19307677417284,0.481671789181351,1.33242541051766
12.2,-45.0562440060636,-34.1371853834043,-70.5710487827612,-49.2636843003461,-61.250918714997,-72.2313851109876,1.78675769205395,1.28874204957875,2.54889627088045,2.94283442612055,1.53376680927116,3.79088429586405,1.2322291267397,0.383387389202224,-0.171075893326061,0.241507747730199,0.773216556801784,1.22033962335872
12.4,-44.6745199355476,-33.8696154470035,-70.0648661193509,-48.669425524253,-60.926011565124,-71.4489656832856,2.02929927040386,1.39824846914996,2.51383916074497,3.00484146175558,1.72979959193444,4.03339645061649,1.19663553122756,0.721473406268547,-0.143990602108234,0.393646281748799,1.20722248692137,1.22258159186442
12.6,-44.2448714439284,-33.5730585490884,-69.5637614735234,-48.0591735143608,-60.5525044344869,-70.6173287337617,2.26658770958989,1.57988595314719,2.50490650281909,3.10523268893535,2.02286200785854,4.28618724064995,1.1785534754397,1.09769889633683,0.0864231369009485,0.619644356853725,1.7338595504442,1.31843324396478
12.8,-43.7680502914899,-33.2326121746968,-69.0586299304946,-47.4240120633967,-60.1095447001773,-69.7327539743274,2.50132873715665,1.83695860871971,2.55978712286496,3.25517032832942,2.4253010657183,4.56477069271001,1.16952190742772,1.46838815826817,0.486896513479959,0.882642954968021,2.28965838192048,1.47403969771871
13,-43.2444532142388,-32.8335947528483,-68.5336258015796,-46.7535515596907,-59.5751333711931,-68.7891566364846,2.73429725601988,2.16395793793741,2.70758615054653,3.45816011982896,2.93603337606165,4.87702154739956,1.15899648999923,1.79001692596911,1.00578209814011,1.1438017837186,2.8051621860356,1.64788111691247
13.2,-42.6745372598106,-32.3632684285765,-67.9682069573042,-46.0374654733626,-58.9288748316318,-67.7797266861247,2.96410968245827,2.54714152607153,2.96576380661322,3.71016992067743,3.54019260597612,5.2222764478572,1.13626613092451,2.02463654291168,1.57948194869787,1.36740291618102,3.21343156437965,1.79720036089317
13.4,-42.0592417573198,-31.8123411562073,-67.3396529656878,-45.266903947706,-58.1546265766981,-66.6986173569919,3.18738563222603,2.9661377851794,3.33850056073591,4.00072015783611,4.21047523094164,5.59174130106434,1.09238043368366,2.14459897148623,2.14013327459386,1.52535900775562,3.45834370498321,1.88448275401033
13.6,-41.400340793138,-31.1760611530484,-66.6257527902489,-44.4356061145613,-57.2427204607067,-65.5424268406593,3.39927188415436,3.39637394380192,3.81664669510484,4.31476684793302,4.91003807760501,5.97012393788772,1.0217991146261,2.13597475136303,2.62360331121385,1.6005456468523,3.50164653780218,1.88308550883517
13.8,-40.7006610477899,-30.4547684733848,-65.8073455037974,-43.5405792379351,-56.1914762754048,-64.3112505762357,3.59424723477616,3.81201847363553,4.37922052595856,4.63509708421785,5.59660617376256,6.33824095857612,0.923515582840592,2.00022333019495,2.97682414525747,1.58854104950348,3.32787819508594,1.78123605182254
14,-39.9641206284345,-29.6538376154732,-64.8704235462352,-42.5822757692219,-55.0078129858691,-63.0091460690929,3.76708436791104,4.18906272508999,4.996233591759,4.94489453923269,6.22729605215766,6.67621256043187,0.801482613118982,1.75389942860554,3.16359648030488,1.49757300239556,2.94652413247422,1.58384432305466
14.2,-39.1955721122627,-28.7830227855865,-63.807568612972,-41.5642702979117,-53.7068722980317,-61.6439386023002,3.91382014553281,4.50814832242956,5.63246572575301,5.23011648902642,6.76356731308766,6.96677722884711,0.664267975493304,1.42643164151588,3.16819519069976,1.34671421752644,2.39112613677062,1.31187410417106
14.4,-38.4004634470281,-27.8552937198426,-62.6185772396561,-40.4925076591754,-52.3106898844739,-60.2263927207884,4.03258229596378,4.75677930358175,6.25170675720244,5.48135590351373,7.17569578097406,7.19824042234034,0.523978369246998,1.05625801755159,2.99639249239797,1.16260151200191,1.71543662568697,0.999352940518584
14.6,-37.5843592671909,-26.8853149719188,-61.3102353504322,-39.3742518469387,-50.8460665452097,-58.7688677343998,4.12413894000243,4.93063705001425,6.8209369735492,5.69493775504723,7.446217749023,7.36662031211654,0.394595938883078,0.685816019564827,2.67384061672015,0.975150854949154,0.987080766123244,0.688425067822912
14.8,-36.752388389455,-25.8877668982739,-59.8953055562875,-38.216905099106,-49.3418902181593,-57.2836528525693,4.19207536177918,5.03383171640732,7.31393997697703,5.87310766528632,7.57191988633765,7.47666294078736,0.289958459320629,0.35603365194322,2.24208395717355,0.812873610136967,0.279501720251542,0.423123873404086
15,-35.9086973180214,-24.8757263020512,-58.3908848410811,-37.0268822978146,-47.8262277007584,-55.7812281676117,4.2425548101004,5.07806138263372,7.71392545170616,6.02329875988332,7.56412801597906,7.54155450919949,0.221669879782032,0.101035220188658,1.75275986114821,0.698451734397172,-0.336818628398508,0.24272347534225
15.2,-35.0559923203662,-23.859316195233,-56.8163620071539,-35.8087155882925,-46.3235336104238,-54.2687143068358,4.28367978797693,5.08079188762168,8.0148741521681,6.15659206997437,7.44725802402256,7.58133935872022,0.197244320553484,-0.0562497824701853,1.26076188621802,0.645194232857387,-0.802777383150428,0.17559809522079
15.4,-34.1952433820268,-22.8447983956195,-55.1912453713552,-34.5645292687845,-44.852309789172,-52.7487534464199,4.32452904139173,5.06269801066498,8.22148542268404,6.28559967844284,7.25580746720996,7.62023451670236,0.218761025928233,-0.107000075246533,0.817253419326404,0.654878202440471,-1.07766251275501,0.234462866509512
15.6,-33.3256031278994,-21.8342241998921,-53.5331371868803,-33.2939702485896,-43.4234927037481,-51.2190097034698,4.37399508234432,5.04470378236487,8.3477871028791,6.42208271336823,7.03016008214177,7.6831909176973,0.282243005643503,-0.0575524505848937,0.463419895008244,0.717290592293224,-1.14388734324095,0.413696537377894
15.8,-32.4445651715601,-20.8256846371895,-51.8561020988392,-31.994612118272,-42.0397562447963,-49.6723945522644,4.43958046973661,5.04501349823768,8.41463589197572,6.57465689319954,6.81172303444483,7.79216587706038,0.377876265484043,0.071557852155645,0.225735687082982,0.81155563373126,-1.00885862437096,0.689176659598817
16,-31.5483531146978,-19.8141223023591,-50.1696170567132,-30.6627802713896,-40.6958038704926,-48.0980235259663,4.52632319433925,5.07652821009286,8.4464719559713,6.74693078218096,6.63799971170593,7.96262498895536,0.491072052155245,0.248451634090512,0.113312497729876,0.909087912303914,-0.703746546807656,1.02072561897075
16.2,-30.6324980941617,-18.7925918056004,-48.478207782331,-29.2946812516795,-39.3796014191436,-46.4828072116922,4.63601012571342,5.14499426067605,8.46777792592847,6.93636668275848,6.53820850980054,8.20077605970844,0.604256551920284,0.434292483471915,0.117617291732845,0.977784501655524,-0.279312939761164,1.35691411377478
16.4,-29.6925340304348,-17.7537952674103,-46.7817831574015,-27.8876705345018,-38.0743854830133,-44.8134863405621,4.76680347184839,5.24813657846284,8.49971905848146,7.1340579436094,6.52998913246105,8.5019536605858,0.699166883235202,0.588639758830874,0.214535703049601,0.986891607235501,0.200676319159855,1.64164338688944
16.6,-28.7247197436282,-16.691681082331,-45.0765860999453,-26.4414663242235,-36.7611866282295,-43.0788504823486,4.91335255045065,5.37590164942765,8.55740553668413,7.32549166013046,6.61760076114607,8.85043009391983,0.75935358864342,0.675069473221234,0.36845156896366,0.911875949719899,0.667623385433109,1.82167184408713
16.8,-27.7266889787251,-15.6028836049666,-43.3565997238429,-24.9591168184531,-35.4215440439093,-41.2718425867189,5.06739846783207,5.51178949665801,8.64812502178261,7.49222851443188,6.79182800505023,9.22074460136039,0.772549479843937,0.66632127653118,0.537753931526467,0.738613667876192,1.05682165839912,1.85410045512157
17,-26.6979347129937,-14.4878001936534,-41.6151910818533,-23.4475554407759,-34.0400664031674,-39.3912533459009,5.21881094534143,5.63510925312898,8.77075626153363,7.61429997612323,7.03159429054223,9.58044082237734,0.732569135315084,0.548281701726606,0.681002558852711,0.466283658594027,1.31562385752121,1.71280639237127
17.2,-25.6400527248341,-13.3511481206985,-39.8467487146631,-21.9176298372138,-32.6065157020988,-37.442751064668,5.35693365943008,5.7238677469577,8.91641110850149,7.67301497493341,7.30706540769764,9.89390896614944,0.640453348783318,0.322255751721953,0.762904635545889,0.108509992446625,1.41001491150348,1.39292163373159
17.4,-24.5566993023991,-12.2019116038459,-38.0480776702035,-20.3835597227994,-31.1171539865333,-35.4390701588556,5.47206575560974,5.75791139884936,9.07018428835045,7.65379844937006,7.58383566977865,10.1268695114513,0.504663156697833,0.0051937491261875,0.759288503336048,-0.307479616741169,1.32874752313963,0.912681731130874
17.6,-23.4532555846333,-11.0526701266012,-36.2193553047599,-18.8618571525482,-29.5751893440934,-33.3992855140583,5.5568797413894,5.72190073028624,9.21373979175172,7.54866315045653,7.82764976259881,10.2509313004005,0.340248077147354,-0.372198339736717,0.660400615575129,-0.743652999636396,1.08450393746601,0.312292825883058
17.8,-22.336231606534,-9.91838295350988,-34.3645174804824,-17.3698202138083,-27.9902752304098,-31.347217938749,5.60757426602456,5.60770998566735,9.32834963527696,7.35794789202961,8.0090428460469,10.2476237562917,0.167048035826427,-0.769261895998566,0.472080863264737,-1.15564074019098,0.711923229206541,-0.350157146195309
18,-21.2124813283948,-8.81478042757156,-32.4910286729337,-15.9237770749496,-26.3771412384132,-29.3091328848096,5.62458562563669,5.41591103240076,9.39793987450081,7.09103746994787,8.10728928018151,10.1113469886937,0.00712093911092199,-1.14064495244249,0.214659363015209,-1.49834848300464,0.262732637626238,-1.005331519906
18.2,-20.0883305245546,-7.75657021883469,-30.6090796055417,-14.5373025509899,-24.7535480076884,-27.3109952245957,5.61273196356743,5.1561132331639,9.41169829111617,6.76590252761203,8.11313616990722,9.8508013575028,-0.118299422832268,-1.44236095046078,-0.0802727643242231,-1.73201913525327,-0.201405906017684,-1.58106657426455
18.4,-18.9687379334516,-6.75569827004418,-28.7303400930652,-13.219647048666,-23.1378493603649,-25.375613553171,5.58073352586053,4.84607582180441,9.36585838811684,6.40744699469357,8.02995162400464,9.48863673750916,-0.191932877968605,-1.6378705514972,-0.374775491831753,-1.82796228567772,-0.6174240197849,-2.01156848845414
18.6,-17.8566134623174,-5.8199050313595,-26.8664613071318,-11.9746044780942,-21.5464991138311,-23.5200380381633,5.54013273664076,4.50966854499733,9.2643875555628,6.04480786480875,7.87312043614032,9.05928025561823,-0.203256409227708,-1.70338753317284,-0.630478069199265,-1.77317901750215,-0.929653015456363,-2.24623604678897
18.8,-16.7524042717442,-4.95178680450167,-25.0275614312115,-10.8000019042175,-19.9918509685011,-21.7535608880603,5.50371930552771,4.17390988363355,9.1184588697663,5.70789699548486,7.66774667368429,8.60513305734841,-0.150589469000477,-1.63168887980354,-0.81468078396009,-1.57322081286978,-1.09776102711857,-2.25696523743252
19,-15.6540310796873,-4.14851276349682,-23.2209358882328,-9.6879237418793,-18.4805654252577,-20.0766082900082,5.48363758756198,3.86544030403603,8.94475617053914,5.42358829640428,7.44494496571591,8.17154271556832,-0.0421414129206038,-1.43388187607793,-0.905779921061055,-1.25282019165664,-1.10276880103484,-2.04294247403481
19.2,-14.5572159007802,-3.40226732561384,-21.4502065071902,-8.62569505545729,-17.0128616020458,-18.480713153111,5.48940631147397,3.60687379488419,8.7628283979766,5.21202052745924,7.23719189664621,7.80113045472685,0.104181808586542,-1.13882740626285,-0.897231673074858,-0.854095444997633,-0.950320976862895,-1.63221356860227
19.4,-13.4561933030565,-2.70139476893666,-19.7150661624607,-7.59755249073836,-15.5827431680689,-16.9496302926547,5.52610695870052,3.41350249937348,8.59184946496833,5.08349582888353,7.07334136212298,7.52815837954105,0.262266672174605,-0.790209244480457,-0.799452435823681,-0.432430864155899,-0.670726419612004,-1.07969413497606
19.6,-12.344745977475,-2.03212983637746,-18.0116937642468,-6.58683938239604,-14.1791997298247,-15.4615147970806,5.59299198183546,3.29080120449181,8.44723508722414,5.03640378812662,6.97396539094533,7.37364602269377,0.400470240511265,-0.441538343174233,-0.639318021039932,-0.0504307341545549,-0.315684777025661,-0.461719198314595
19.8,-11.2174583717912,-1.38071637364519,-16.3338194932577,-5.57848539526447,-12.7882538644184,-13.9919473414232,5.6827269180236,3.23309280921917,8.33760446670814,5.05649448494619,6.9476562544135,7.34188220163161,0.485225385298178,-0.14965171880232,-0.457239695378316,0.22939703978319,0.0479625613227062,0.132336832609723
20,-10.0710454934964,-0.735656529110195,-14.6743243383152,-4.56148086454308,-11.3956062669371,-12.5174743039104,5.78141447191305,3.22360191119009,8.26254639946024,5.11767281615618,6.98881843057591,7.41883253498088,0.485181145565085,0.0325268905748457,-0.302120574351741,0.352386590494227,0.346732815774901,0.610457594851564
20.2,-8.90559287380094,-0.0898039083663539,-13.0271741960024,-3.53103912388307,-9.98954244146591,-11.0192507874295,5.869460708234,3.23595680239874,8.2115584134044,5.18430762360494,7.07730211931094,7.57273044862574,0.375399118357851,0.0630800647967289,-0.224789816322935,0.278960076105929,0.510226595258019,0.889206918242611
20.4,-7.72554155159679,0.557980035660333,-11.3894286541263,-2.49016002042051,-8.5637159928841,-9.48634213842974,5.92324346861674,3.23702034782635,8.16438423193461,5.21486376817295,7.18000431818374,7.75688416107066,0.141094607090135,-0.0828516829761194,-0.270735716079535,-0.00953192722833718,0.48087006957432,0.904440205719758
20.6,-6.54027004984285,1.2018457737783,-9.76303695025354,-1.45036358996722,-7.11942299316745,-7.91825993415318,5.91744272333383,3.19075938299781,8.09279645782436,5.16649574717198,7.25431616729974,7.91446390090164,-0.219559956801888,-0.408854975013987,-0.47308193438193,-0.507147329449347,0.222434136259247,0.620185369497076
20.8,-5.36416252958429,1.82881823416461,-8.15614333791852,-0.431449179383105,-5.66703041407452,-6.32638103573888,5.82780397294236,3.06272173658347,7.96368001434198,5.00010887123106,7.2530566802359,7.98478472853164,-0.693963347731537,-0.895460100458787,-0.84675569858789,-1.18240630825719,-0.273789816113044,0.034550095867387
21,-4.21610510937273,2.41957237611149,-6.58367137897945,0.539757042713541,-4.22631447860325,-4.73401618023571,5.6340402189297,2.82459784312781,7.74309186405638,4.68531561381791,7.13033286184322,7.91040150888105,-1.25520012693157,-1.50110503685321,-1.38467952659835,-1.98029702259838,-0.986016759610736,-0.818168167191144
21.2,-3.11841519905391,2.95008327061646,-5.06703685982777,1.43158631559111,-2.82559163846677,-3.17504504208941,5.32254423712456,2.45831271767176,7.40082728047469,4.20470164471951,6.84763011171301,7.64420919391325,-1.86382035517368,-2.16583829833518,-2.05659083146364,-2.82712621043365,-1.86268399978406,-1.86956551381313
21.4,-2.09527465872088,3.39400371534655,-3.63294310111933,2.21045072850799,-1.49967097243118,-1.69120079463808,4.88858621047524,1.95912922127566,6.91493206805212,3.55687181190931,6.37938285120232,7.1557105080104,-2.47117142942761,-2.81741983190992,-2.81078267203077,-3.63776805556322,-2.82690227766837,-3.02331759098926
21.6,-1.17079905522843,3.72552749390543,-2.3113280759882,2.84421841072107,-0.286804677272969,-0.328249672024033,4.33771325770093,1.3373425146025,6.27557683899108,2.75786634143868,5.71731188776372,6.43568056362761,-3.02398314527579,-3.37917974874253,-3.57870095430524,-4.32456831000726,-3.78423232580272,-4.16488915694312
21.8,-0.366924888687262,3.92242684723297,-1.13264579803057,3.30568752249375,0.775055053007539,0.868549475790532,3.68614358901427,0.618298061053566,5.48775884108351,1.84070940916172,4.87293964875708,5.49861839314922,-3.46974937333842,-3.7787647715133,-4.28197216184861,-4.80694370338697,-4.63296151808526,-5.17375582276993
22,0.298671843601659,3.96891765695765,-0.124760589220278,3.57577865803107,1.65228554923074,1.85922123900677,2.9600512862423,-0.159345475373792,4.57241503057298,0.853057185395508,3.8778938473853,4.38261217443293,-3.76233960889692,-3.95677098143889,-4.84111606971003,-5.02060664190773,-5.2757306462217,-5.93680343450342
22.2,0.814403345529876,3.85801043923134,0.690200559419589,3.64608021936545,2.31944902173848,2.6135543960608,2.19375699573483,-0.946983293417655,3.56570460129016,-0.146872672624244,2.78186187753866,3.14653194226363,-3.86722537727049,-3.87424644801923,-5.18496047467646,-4.92535735826906,-5.63116806267503,-6.36139695757013
22.4,1.17613691865798,3.59305009950362,1.29866465718723,3.52043816861146,2.76251300438126,3.11476965732433,1.42696190851943,-1.69074161985313,2.51643025713624,-1.09570809142116,1.64833308455444,1.86476823938569,-3.76572737989346,-3.51815262989053,-5.25965100876167,-4.51052105286411,-5.64415280302765,-6.38661013370122
22.6,1.38793286324554,3.1882283262586,1.69774170826181,3.21537494493626,2.98102955546297,3.36192968857631,0.701273373457635,-2.33698274949633,1.48179041872122,-1.93112259922474,0.548531591895225,0.620022194535191,-3.45777872692207,-2.90408871321211,-5.03615650980454,-3.79735264388506,-5.29345658488069,-5.99128283559127
22.8,1.46204404627133,2.66796097300228,1.89636903207577,2.75924252831497,2.98897079187842,3.37077246991322,0.0563573692126398,-2.83804554823633,0.521862521715033,-2.59818090752889,-0.445833239297134,-0.505111909039507,-2.96284897595887,-2.07588468747287,-4.51531138010685,-2.83805985344463,-4.59579391546585,-5.19790735810939
23,1.41814071807972,2.06514684221122,1.9152715576034,2.19014864370394,2.81406066966213,3.17281435835723,-0.473894660243386,-3.15758500146725,-0.306614973548763,-3.05514982578623,-1.27021575995669,-1.43687475398587,-2.31886718466282,-1.10202271227505,-3.72969680487529,-1.71146968436893,-3.60570881833554,-4.07180126458275
23.2,1.28180347335816,1.41844992943288,1.78566400814171,1.55282809687447,2.49560787195735,2.81275599339358,-0.864786196996996,-3.27490297080517,-0.95648852155069,-3.2781373823288,-1.87443168405238,-2.11842750825549,-1.57919856756633,-0.0692113166769603,-2.74201379261373,-0.515741161493111,-2.41120012292349,-2.71555137583547
23.4,1.08240438708418,0.768859954148955,1.54675987424168,0.894748250372304,2.08101347153353,2.34441153802947,-1.10345750927433,-3.18776145081357,-1.39576031681453,-3.26403838332187,-2.22858353651185,-2.51639243979662,-0.807944378161714,0.926229539949742,-1.64000243192792,0.641135136368184,-1.12547973996731,-1.25925062140629
23.6,0.850562792706778,0.155872689282942,1.24228886652549,0.261825311172198,1.62128019437072,1.82554840723332,-1.19045669050784,-2.91332894769283,-1.61183264491563,-3.03144016517289,-2.32701835862077,-2.62510053483754,-0.074023827470282,1.78825204852192,-0.528366481202302,1.65205219709961,0.124288045754089,0.152465554985161
23.8,0.615410414038182,-0.386318189333581,0.916343120108938,-0.305823808117983,1.16596965983402,1.31215139281319,-1.14005445035327,-2.48711260411974,-1.61390333825791,-2.61935882033346,-2.18982977537362,-2.46803919645087,0.555361685000603,2.43115240511602,0.481477777178696,2.42156995543637,1.21005732752896,1.37520060499846
24,0.401925011393616,-0.832218607058632,0.608958541471171,-0.777666628257432,0.758125620387942,0.852697060971815,-0.979246166629223,-1.95995064555308,-1.43318263033013,-2.08390962790639,-1.86168335791799,-2.09629469719588,1.02120471986413,2.78871312554428,1.28273811965553,2.87560092350327,2.01634753465617,2.27979123939951
24.2,0.228589307332938,-1.1676586996126,0.351880605082251,-1.13569335129557,0.429696066150236,0.483032677933755,-0.745521744424777,-1.39335632745717,-1.12083693901834,-1.49323957180809,-1.40803997394463,-1.58411230475897,1.27842795266948,2.82138861007786,1.784428776238,2.96894394427486,2.45257141835924,2.76586848107078
24.4,0.105602599097122,-1.39135984718678,0.164957713086001,-1.37620962547511,0.197942671608718,0.222397074744688,-0.483613911257597,-0.853690896645401,-0.743816249651972,-0.921239327583818,-0.909142617314036,-1.0220147397815,1.30027204840155,2.52071607073872,1.92115122097595,2.68984337144475,2.46285956077067,2.7724848119875
24.6,0.0338190024206702,-1.51526941715306,0.053549625096931,-1.51030312809459,0.0632268310188877,0.071004569664602,-0.241544273208492,-0.405777514460133,-0.378959926300033,-0.440685408298734,-0.452384485262392,-0.508190638662479,1.0808668318897,1.91043867496445,1.66036260082908,2.06107610403556,2.03226783315583,2.28462407485005
24.8,0.00451424843042769,-1.56361878478732,0.0072388654985307,-1.56294087239983,0.00841818989360776,0.00944989649576389,-0.0663616086334864,-0.106634842128176,-0.105973205146754,-0.116525071301464,-0.123860548786835,-0.139057909362901,0.635709814244858,1.04419332465557,1.00628797500021,1.13745092240837,1.18865477047284,1.33486410954431
25,1.63868918434673e-13,-1.57079632679479,-1.22568621918617e-13,-1.57079632679494,6.66133814775094e-15,-1.35891298214119e-13,1.4210854715202e-14,2.48689957516035e-14,-3.37507799486048e-14,5.77315972805081e-14,-2.57571741713036e-14,-8.88178419700125e-16,-6.21724893790088e-15,-4.44089209850063e-16,-1.15463194561016e-14,3.99680288865056e-15,0,-1.77635683940025e-15
